,Mean,SD,Dem = 1,Dem = 0
Democracy,0.6208222419402544,0.48525419257382535,1.0,0.0
Log(GDP),7.580466270446777,1.6076980829238892,8.08760929107666,6.750127792358398
Number Obs.,3381.0,3381.0,2099.0,1282.0
